iter	Logloss
0	0.2998385853
1	0.1892849515
